"map_version","operation","entity","support_allowed","actual_result","reject_codes","json_paths","affected_refs"
"cimc_v01","name_only_not_geometry","F_CR001","true","changed","","","facilities/F_CR001"
"cimc_v01","node_position","N_CR_e4b47e7288","false","rejected","OPERATION_DEPENDENCIES_UNSUPPORTED","/nodes/N_CR_e4b47e7288",""
"cimc_v01","node_translate","nodes/N_CR_e4b47e7288","false","rejected","OPERATION_DEPENDENCIES_UNSUPPORTED","",""
"cimc_v01","road_translate","roads/R_CR_f3f8cfbf8b","false","rejected","OPERATION_DEPENDENCIES_UNSUPPORTED","",""
"cimc_v01","road_shapePoints","R_CR_f3f8cfbf8b","false","rejected","OPERATION_DEPENDENCIES_UNSUPPORTED","/roads/R_CR_f3f8cfbf8b",""
"cimc_v01","node_rotate","nodes/N_CR_e4b47e7288","false","rejected","OPERATION_DEPENDENCIES_UNSUPPORTED","",""
"cimc_v01","road_rotate","roads/R_CR_f3f8cfbf8b","false","rejected","OPERATION_DEPENDENCIES_UNSUPPORTED","",""
"cimc_v01","zone_boundary","Z_CR001","true","changed","","","zones/Z_CR001;sources/source_editor_geometry"
"cimc_v01","road_direction","R_CR_f3f8cfbf8b","false","rejected","OPERATION_DEPENDENCIES_UNSUPPORTED","/roads/R_CR_f3f8cfbf8b",""
"cimc_v01","boundary","F_CR001","true","changed","","","facilities/F_CR001;sources/source_editor_geometry"
"cimc_v01","boundary_translate","facilities/F_CR001","true","changed","","","facilities/F_CR001;sources/source_editor_geometry"
"cimc_v01","boundary_rotate","facilities/F_CR001","true","changed","","","facilities/F_CR001;sources/source_editor_geometry"
"cimc_v01","add_node","N_GA01_probe_add","false","rejected","OPERATION_DEPENDENCIES_UNSUPPORTED","",""
"cimc_v01","copy_boundary","facilities/F_CR001","false","rejected","OPERATION_DEPENDENCIES_UNSUPPORTED","",""
"cimc_v01","delete_boundary","facilities/F_CR001","false","rejected","OPERATION_DEPENDENCIES_UNSUPPORTED","",""
"cimc_v01","split_road","R_CR_f3f8cfbf8b","false","rejected","OPERATION_DEPENDENCIES_UNSUPPORTED","",""
"cimc_v01","no_op_boundary","F_CR001","true","no_op","","",""
"cimc_v01","road_widthM_design_assumption","R_CR_f3f8cfbf8b","false","rejected","OPERATION_DEPENDENCIES_UNSUPPORTED","/roads/R_CR_f3f8cfbf8b",""
"cimc_v01","road_heightLimitM_design_assumption","R_CR_f3f8cfbf8b","false","rejected","OPERATION_DEPENDENCIES_UNSUPPORTED","/roads/R_CR_f3f8cfbf8b",""
"cimc_v01","road_massLimitKg_design_assumption","R_CR_f3f8cfbf8b","false","rejected","OPERATION_DEPENDENCIES_UNSUPPORTED","/roads/R_CR_f3f8cfbf8b",""
"cimc_v01","road_speedLimitMps_design_assumption","R_CR_f3f8cfbf8b","false","rejected","OPERATION_DEPENDENCIES_UNSUPPORTED","/roads/R_CR_f3f8cfbf8b",""
"cimc_v01","staticMove_expected_blocked","facilities/F_CR006","false","rejected","STATIC_SHARED_NODE","/nodes/N_CR_11733dacf7",""
"cimc_v02","name_only_not_geometry","F_CR001","true","changed","","","facilities/F_CR001"
"cimc_v02","node_position","N_CR_e6c5d9022b","false","rejected","OPERATION_DEPENDENCIES_UNSUPPORTED","/nodes/N_CR_e6c5d9022b",""
"cimc_v02","node_translate","nodes/N_CR_e6c5d9022b","false","rejected","OPERATION_DEPENDENCIES_UNSUPPORTED","",""
"cimc_v02","road_translate","roads/R_CR_50530d1b95","false","rejected","OPERATION_DEPENDENCIES_UNSUPPORTED","",""
"cimc_v02","road_shapePoints","R_CR_50530d1b95","false","rejected","OPERATION_DEPENDENCIES_UNSUPPORTED","/roads/R_CR_50530d1b95",""
"cimc_v02","node_rotate","nodes/N_CR_e6c5d9022b","false","rejected","OPERATION_DEPENDENCIES_UNSUPPORTED","",""
"cimc_v02","road_rotate","roads/R_CR_50530d1b95","false","rejected","OPERATION_DEPENDENCIES_UNSUPPORTED","",""
"cimc_v02","zone_boundary","Z_CR001","true","changed","","","zones/Z_CR001;sources/source_editor_geometry"
"cimc_v02","road_direction","R_CR_50530d1b95","false","rejected","OPERATION_DEPENDENCIES_UNSUPPORTED","/roads/R_CR_50530d1b95",""
"cimc_v02","boundary","F_CR001","true","changed","","","facilities/F_CR001;sources/source_editor_geometry"
"cimc_v02","boundary_translate","facilities/F_CR001","true","changed","","","facilities/F_CR001;sources/source_editor_geometry"
"cimc_v02","boundary_rotate","facilities/F_CR001","true","changed","","","facilities/F_CR001;sources/source_editor_geometry"
"cimc_v02","add_node","N_GA01_probe_add","false","rejected","OPERATION_DEPENDENCIES_UNSUPPORTED","",""
"cimc_v02","copy_boundary","facilities/F_CR001","false","rejected","OPERATION_DEPENDENCIES_UNSUPPORTED","",""
"cimc_v02","delete_boundary","facilities/F_CR001","false","rejected","OPERATION_DEPENDENCIES_UNSUPPORTED","",""
"cimc_v02","split_road","R_CR_50530d1b95","false","rejected","OPERATION_DEPENDENCIES_UNSUPPORTED","",""
"cimc_v02","no_op_boundary","F_CR001","true","no_op","","",""
"cimc_v02","road_widthM_design_assumption","R_CR_50530d1b95","false","rejected","OPERATION_DEPENDENCIES_UNSUPPORTED","/roads/R_CR_50530d1b95",""
"cimc_v02","road_heightLimitM_design_assumption","R_CR_50530d1b95","false","rejected","OPERATION_DEPENDENCIES_UNSUPPORTED","/roads/R_CR_50530d1b95",""
"cimc_v02","road_massLimitKg_design_assumption","R_CR_50530d1b95","false","rejected","OPERATION_DEPENDENCIES_UNSUPPORTED","/roads/R_CR_50530d1b95",""
"cimc_v02","road_speedLimitMps_design_assumption","R_CR_50530d1b95","false","rejected","OPERATION_DEPENDENCIES_UNSUPPORTED","/roads/R_CR_50530d1b95",""
"cimc_v02","staticMove_expected_blocked","facilities/F_CR009","false","rejected","STATIC_SHARED_NODE","/nodes/N_CR_f79e0f8c95",""
"dalian_v01","name_only_not_geometry","F_DL002","true","changed","","","facilities/F_DL002"
"dalian_v01","node_position","N_DL_b3d5453746","false","rejected","OPERATION_DEPENDENCIES_UNSUPPORTED","/nodes/N_DL_b3d5453746",""
"dalian_v01","node_translate","nodes/N_DL_b3d5453746","false","rejected","OPERATION_DEPENDENCIES_UNSUPPORTED","",""
"dalian_v01","road_translate","roads/R_DL_dd4384110c","false","rejected","OPERATION_DEPENDENCIES_UNSUPPORTED","",""
"dalian_v01","road_shapePoints","R_DL_dd4384110c","false","rejected","OPERATION_DEPENDENCIES_UNSUPPORTED","/roads/R_DL_dd4384110c",""
"dalian_v01","node_rotate","nodes/N_DL_b3d5453746","false","rejected","OPERATION_DEPENDENCIES_UNSUPPORTED","",""
"dalian_v01","road_rotate","roads/R_DL_dd4384110c","false","rejected","OPERATION_DEPENDENCIES_UNSUPPORTED","",""
"dalian_v01","zone_boundary","Z_DL001","true","changed","","","zones/Z_DL001;sources/source_editor_geometry"
"dalian_v01","road_direction","R_DL_dd4384110c","false","rejected","OPERATION_DEPENDENCIES_UNSUPPORTED","/roads/R_DL_dd4384110c",""
"dalian_v01","boundary","F_DL002","true","changed","","","facilities/F_DL002;sources/source_editor_geometry"
"dalian_v01","boundary_translate","facilities/F_DL002","true","changed","","","facilities/F_DL002;sources/source_editor_geometry"
"dalian_v01","boundary_rotate","facilities/F_DL002","true","changed","","","facilities/F_DL002;sources/source_editor_geometry"
"dalian_v01","add_node","N_GA01_probe_add","false","rejected","OPERATION_DEPENDENCIES_UNSUPPORTED","",""
"dalian_v01","copy_boundary","facilities/F_DL002","false","rejected","OPERATION_DEPENDENCIES_UNSUPPORTED","",""
"dalian_v01","delete_boundary","facilities/F_DL002","false","rejected","OPERATION_DEPENDENCIES_UNSUPPORTED","",""
"dalian_v01","split_road","R_DL_dd4384110c","false","rejected","OPERATION_DEPENDENCIES_UNSUPPORTED","",""
"dalian_v01","no_op_boundary","F_DL002","true","no_op","","",""
"dalian_v01","road_widthM_design_assumption","R_DL_dd4384110c","false","rejected","OPERATION_DEPENDENCIES_UNSUPPORTED","/roads/R_DL_dd4384110c",""
"dalian_v01","road_heightLimitM_design_assumption","R_DL_dd4384110c","false","rejected","OPERATION_DEPENDENCIES_UNSUPPORTED","/roads/R_DL_dd4384110c",""
"dalian_v01","road_massLimitKg_design_assumption","R_DL_dd4384110c","false","rejected","OPERATION_DEPENDENCIES_UNSUPPORTED","/roads/R_DL_dd4384110c",""
"dalian_v01","road_speedLimitMps_design_assumption","R_DL_dd4384110c","false","rejected","OPERATION_DEPENDENCIES_UNSUPPORTED","/roads/R_DL_dd4384110c",""
"dalian_v01","staticMove_expected_blocked","facilities/F_DL007","false","rejected","STATIC_SHARED_NODE","/nodes/N_DL_f99e9199a7",""
"dalian_v02","name_only_not_geometry","F_DL027","true","changed","","","facilities/F_DL027"
"dalian_v02","node_position","N_MR_5f726b8f2fdd","false","rejected","OPERATION_DEPENDENCIES_UNSUPPORTED","/nodes/N_MR_5f726b8f2fdd",""
"dalian_v02","node_translate","nodes/N_MR_5f726b8f2fdd","false","rejected","OPERATION_DEPENDENCIES_UNSUPPORTED","",""
"dalian_v02","road_translate","roads/R_MR_78f5d09878b6","false","rejected","OPERATION_DEPENDENCIES_UNSUPPORTED","",""
"dalian_v02","road_shapePoints","R_MR_78f5d09878b6","false","rejected","OPERATION_DEPENDENCIES_UNSUPPORTED","/roads/R_MR_78f5d09878b6",""
"dalian_v02","node_rotate","nodes/N_MR_5f726b8f2fdd","false","rejected","OPERATION_DEPENDENCIES_UNSUPPORTED","",""
"dalian_v02","road_rotate","roads/R_MR_78f5d09878b6","false","rejected","OPERATION_DEPENDENCIES_UNSUPPORTED","",""
"dalian_v02","zone_boundary","Z_DL_DOCK","true","changed","","","zones/Z_DL_DOCK;sources/source_editor_geometry"
"dalian_v02","road_direction","R_MR_78f5d09878b6","false","rejected","OPERATION_DEPENDENCIES_UNSUPPORTED","/roads/R_MR_78f5d09878b6",""
"dalian_v02","boundary","F_DL027","true","changed","","","facilities/F_DL027;sources/source_editor_geometry"
"dalian_v02","boundary_translate","facilities/F_DL027","true","changed","","","facilities/F_DL027;sources/source_editor_geometry"
"dalian_v02","boundary_rotate","facilities/F_DL027","true","changed","","","facilities/F_DL027;sources/source_editor_geometry"
"dalian_v02","add_node","N_GA01_probe_add","false","rejected","OPERATION_DEPENDENCIES_UNSUPPORTED","",""
"dalian_v02","copy_boundary","facilities/F_DL027","false","rejected","OPERATION_DEPENDENCIES_UNSUPPORTED","",""
"dalian_v02","delete_boundary","facilities/F_DL027","false","rejected","OPERATION_DEPENDENCIES_UNSUPPORTED","",""
"dalian_v02","split_road","R_MR_78f5d09878b6","false","rejected","OPERATION_DEPENDENCIES_UNSUPPORTED","",""
"dalian_v02","no_op_boundary","F_DL027","true","no_op","","",""
"dalian_v02","road_widthM_design_assumption","R_MR_78f5d09878b6","false","rejected","OPERATION_DEPENDENCIES_UNSUPPORTED","/roads/R_MR_78f5d09878b6",""
"dalian_v02","road_heightLimitM_design_assumption","R_MR_78f5d09878b6","false","rejected","OPERATION_DEPENDENCIES_UNSUPPORTED","/roads/R_MR_78f5d09878b6",""
"dalian_v02","road_massLimitKg_design_assumption","R_MR_78f5d09878b6","false","rejected","OPERATION_DEPENDENCIES_UNSUPPORTED","/roads/R_MR_78f5d09878b6",""
"dalian_v02","road_speedLimitMps_design_assumption","R_MR_78f5d09878b6","false","rejected","OPERATION_DEPENDENCIES_UNSUPPORTED","/roads/R_MR_78f5d09878b6",""
"geoje_v01","name_only_not_geometry","F_GJ002","true","changed","","","facilities/F_GJ002"
"geoje_v01","node_position","N_GJ_98578c20a5","false","rejected","OPERATION_DEPENDENCIES_UNSUPPORTED","/nodes/N_GJ_98578c20a5",""
"geoje_v01","node_translate","nodes/N_GJ_98578c20a5","false","rejected","OPERATION_DEPENDENCIES_UNSUPPORTED","",""
"geoje_v01","road_translate","roads/R_GJ_f5b5b6d617","false","rejected","OPERATION_DEPENDENCIES_UNSUPPORTED","",""
"geoje_v01","road_shapePoints","R_GJ_f5b5b6d617","false","rejected","OPERATION_DEPENDENCIES_UNSUPPORTED","/roads/R_GJ_f5b5b6d617",""
"geoje_v01","node_rotate","nodes/N_GJ_98578c20a5","false","rejected","OPERATION_DEPENDENCIES_UNSUPPORTED","",""
"geoje_v01","road_rotate","roads/R_GJ_f5b5b6d617","false","rejected","OPERATION_DEPENDENCIES_UNSUPPORTED","",""
"geoje_v01","zone_boundary","Z_GJ001","true","changed","","","zones/Z_GJ001;sources/source_editor_geometry"
"geoje_v01","road_direction","R_GJ_f5b5b6d617","false","rejected","OPERATION_DEPENDENCIES_UNSUPPORTED","/roads/R_GJ_f5b5b6d617",""
"geoje_v01","boundary","F_GJ002","true","changed","","","facilities/F_GJ002;sources/source_editor_geometry"
"geoje_v01","boundary_translate","facilities/F_GJ002","true","changed","","","facilities/F_GJ002;sources/source_editor_geometry"
"geoje_v01","boundary_rotate","facilities/F_GJ002","true","changed","","","facilities/F_GJ002;sources/source_editor_geometry"
"geoje_v01","add_node","N_GA01_probe_add","false","rejected","OPERATION_DEPENDENCIES_UNSUPPORTED","",""
"geoje_v01","copy_boundary","facilities/F_GJ002","false","rejected","OPERATION_DEPENDENCIES_UNSUPPORTED","",""
"geoje_v01","delete_boundary","facilities/F_GJ002","false","rejected","OPERATION_DEPENDENCIES_UNSUPPORTED","",""
"geoje_v01","split_road","R_GJ_f5b5b6d617","false","rejected","OPERATION_DEPENDENCIES_UNSUPPORTED","",""
"geoje_v01","no_op_boundary","F_GJ002","true","no_op","","",""
"geoje_v01","road_widthM_design_assumption","R_GJ_f5b5b6d617","false","rejected","OPERATION_DEPENDENCIES_UNSUPPORTED","/roads/R_GJ_f5b5b6d617",""
"geoje_v01","road_heightLimitM_design_assumption","R_GJ_f5b5b6d617","false","rejected","OPERATION_DEPENDENCIES_UNSUPPORTED","/roads/R_GJ_f5b5b6d617",""
"geoje_v01","road_massLimitKg_design_assumption","R_GJ_f5b5b6d617","false","rejected","OPERATION_DEPENDENCIES_UNSUPPORTED","/roads/R_GJ_f5b5b6d617",""
"geoje_v01","road_speedLimitMps_design_assumption","R_GJ_f5b5b6d617","false","rejected","OPERATION_DEPENDENCIES_UNSUPPORTED","/roads/R_GJ_f5b5b6d617",""
"geoje_v01","staticMove_expected_blocked","facilities/F_GJ001","false","rejected","STATIC_SHARED_NODE","/nodes/N_GJ_564b53475c",""
"geoje_v02","name_only_not_geometry","F_GJ_MR_032","true","changed","","","facilities/F_GJ_MR_032"
"geoje_v02","node_position","N_MR_7ed7a13646cb","false","rejected","OPERATION_DEPENDENCIES_UNSUPPORTED","/nodes/N_MR_7ed7a13646cb",""
"geoje_v02","node_translate","nodes/N_MR_7ed7a13646cb","false","rejected","OPERATION_DEPENDENCIES_UNSUPPORTED","",""
"geoje_v02","road_translate","roads/R_MR_44347252aedb","false","rejected","OPERATION_DEPENDENCIES_UNSUPPORTED","",""
"geoje_v02","road_shapePoints","R_MR_44347252aedb","false","rejected","OPERATION_DEPENDENCIES_UNSUPPORTED","/roads/R_MR_44347252aedb",""
"geoje_v02","node_rotate","nodes/N_MR_7ed7a13646cb","false","rejected","OPERATION_DEPENDENCIES_UNSUPPORTED","",""
"geoje_v02","road_rotate","roads/R_MR_44347252aedb","false","rejected","OPERATION_DEPENDENCIES_UNSUPPORTED","",""
"geoje_v02","zone_boundary","Z_GJ_MR01_W1","true","changed","","","zones/Z_GJ_MR01_W1;sources/source_editor_geometry"
"geoje_v02","road_direction","R_MR_44347252aedb","false","rejected","OPERATION_DEPENDENCIES_UNSUPPORTED","/roads/R_MR_44347252aedb",""
"geoje_v02","boundary","F_GJ_MR_032","true","changed","","","facilities/F_GJ_MR_032;sources/source_editor_geometry"
"geoje_v02","boundary_translate","facilities/F_GJ_MR_032","true","changed","","","facilities/F_GJ_MR_032;sources/source_editor_geometry"
"geoje_v02","boundary_rotate","facilities/F_GJ_MR_032","true","changed","","","facilities/F_GJ_MR_032;sources/source_editor_geometry"
"geoje_v02","add_node","N_GA01_probe_add","false","rejected","OPERATION_DEPENDENCIES_UNSUPPORTED","",""
"geoje_v02","copy_boundary","facilities/F_GJ_MR_032","false","rejected","OPERATION_DEPENDENCIES_UNSUPPORTED","",""
"geoje_v02","delete_boundary","facilities/F_GJ_MR_032","false","rejected","OPERATION_DEPENDENCIES_UNSUPPORTED","",""
"geoje_v02","split_road","R_MR_44347252aedb","false","rejected","OPERATION_DEPENDENCIES_UNSUPPORTED","",""
"geoje_v02","no_op_boundary","F_GJ_MR_032","true","no_op","","",""
"geoje_v02","road_widthM_design_assumption","R_MR_44347252aedb","false","rejected","OPERATION_DEPENDENCIES_UNSUPPORTED","/roads/R_MR_44347252aedb",""
"geoje_v02","road_heightLimitM_design_assumption","R_MR_44347252aedb","false","rejected","OPERATION_DEPENDENCIES_UNSUPPORTED","/roads/R_MR_44347252aedb",""
"geoje_v02","road_massLimitKg_design_assumption","R_MR_44347252aedb","false","rejected","OPERATION_DEPENDENCIES_UNSUPPORTED","/roads/R_MR_44347252aedb",""
"geoje_v02","road_speedLimitMps_design_assumption","R_MR_44347252aedb","false","rejected","OPERATION_DEPENDENCIES_UNSUPPORTED","/roads/R_MR_44347252aedb",""
"hanwha_v01","name_only_not_geometry","F_HW103","true","changed","","","facilities/F_HW103"
"hanwha_v01","node_position","N_HW_7874b56b34","false","rejected","OPERATION_DEPENDENCIES_UNSUPPORTED","/nodes/N_HW_7874b56b34",""
"hanwha_v01","node_translate","nodes/N_HW_7874b56b34","false","rejected","OPERATION_DEPENDENCIES_UNSUPPORTED","",""
"hanwha_v01","road_translate","roads/R_HW_5ff95e3729","false","rejected","OPERATION_DEPENDENCIES_UNSUPPORTED","",""
"hanwha_v01","road_shapePoints","R_HW_5ff95e3729","false","rejected","OPERATION_DEPENDENCIES_UNSUPPORTED","/roads/R_HW_5ff95e3729",""
"hanwha_v01","node_rotate","nodes/N_HW_7874b56b34","false","rejected","OPERATION_DEPENDENCIES_UNSUPPORTED","",""
"hanwha_v01","road_rotate","roads/R_HW_5ff95e3729","false","rejected","OPERATION_DEPENDENCIES_UNSUPPORTED","",""
"hanwha_v01","zone_boundary","Z_HW001","true","changed","","","zones/Z_HW001;sources/source_editor_geometry"
"hanwha_v01","road_direction","R_HW_5ff95e3729","false","rejected","OPERATION_DEPENDENCIES_UNSUPPORTED","/roads/R_HW_5ff95e3729",""
"hanwha_v01","boundary","F_HW103","true","changed","","","facilities/F_HW103;sources/source_editor_geometry"
"hanwha_v01","boundary_translate","facilities/F_HW103","true","changed","","","facilities/F_HW103;sources/source_editor_geometry"
"hanwha_v01","boundary_rotate","facilities/F_HW103","true","changed","","","facilities/F_HW103;sources/source_editor_geometry"
"hanwha_v01","add_node","N_GA01_probe_add","false","rejected","OPERATION_DEPENDENCIES_UNSUPPORTED","",""
"hanwha_v01","copy_boundary","facilities/F_HW103","false","rejected","OPERATION_DEPENDENCIES_UNSUPPORTED","",""
"hanwha_v01","delete_boundary","facilities/F_HW103","false","rejected","OPERATION_DEPENDENCIES_UNSUPPORTED","",""
"hanwha_v01","split_road","R_HW_5ff95e3729","false","rejected","OPERATION_DEPENDENCIES_UNSUPPORTED","",""
"hanwha_v01","no_op_boundary","F_HW103","true","no_op","","",""
"hanwha_v01","road_widthM_design_assumption","R_HW_5ff95e3729","false","rejected","OPERATION_DEPENDENCIES_UNSUPPORTED","/roads/R_HW_5ff95e3729",""
"hanwha_v01","road_heightLimitM_design_assumption","R_HW_5ff95e3729","false","rejected","OPERATION_DEPENDENCIES_UNSUPPORTED","/roads/R_HW_5ff95e3729",""
"hanwha_v01","road_massLimitKg_design_assumption","R_HW_5ff95e3729","false","rejected","OPERATION_DEPENDENCIES_UNSUPPORTED","/roads/R_HW_5ff95e3729",""
"hanwha_v01","road_speedLimitMps_design_assumption","R_HW_5ff95e3729","false","rejected","OPERATION_DEPENDENCIES_UNSUPPORTED","/roads/R_HW_5ff95e3729",""
"hanwha_v01","staticMove_expected_blocked","facilities/F_HW001","false","rejected","STATIC_CONTENTS_REFERENCE","",""
"hanwha_v02","name_only_not_geometry","F_HW103","true","changed","","","facilities/F_HW103"
"hanwha_v02","node_position","N_HW_7874b56b34","false","rejected","OPERATION_DEPENDENCIES_UNSUPPORTED","/nodes/N_HW_7874b56b34",""
"hanwha_v02","node_translate","nodes/N_HW_7874b56b34","false","rejected","OPERATION_DEPENDENCIES_UNSUPPORTED","",""
"hanwha_v02","road_translate","roads/R_HW_5ff95e3729","false","rejected","OPERATION_DEPENDENCIES_UNSUPPORTED","",""
"hanwha_v02","road_shapePoints","R_HW_5ff95e3729","false","rejected","OPERATION_DEPENDENCIES_UNSUPPORTED","/roads/R_HW_5ff95e3729",""
"hanwha_v02","node_rotate","nodes/N_HW_7874b56b34","false","rejected","OPERATION_DEPENDENCIES_UNSUPPORTED","",""
"hanwha_v02","road_rotate","roads/R_HW_5ff95e3729","false","rejected","OPERATION_DEPENDENCIES_UNSUPPORTED","",""
"hanwha_v02","zone_boundary","Z_HW001","true","changed","","","zones/Z_HW001;sources/source_editor_geometry"
"hanwha_v02","road_direction","R_HW_5ff95e3729","false","rejected","OPERATION_DEPENDENCIES_UNSUPPORTED","/roads/R_HW_5ff95e3729",""
"hanwha_v02","boundary","F_HW103","true","changed","","","facilities/F_HW103;sources/source_editor_geometry"
"hanwha_v02","boundary_translate","facilities/F_HW103","true","changed","","","facilities/F_HW103;sources/source_editor_geometry"
"hanwha_v02","boundary_rotate","facilities/F_HW103","true","changed","","","facilities/F_HW103;sources/source_editor_geometry"
"hanwha_v02","add_node","N_GA01_probe_add","false","rejected","OPERATION_DEPENDENCIES_UNSUPPORTED","",""
"hanwha_v02","copy_boundary","facilities/F_HW103","false","rejected","OPERATION_DEPENDENCIES_UNSUPPORTED","",""
"hanwha_v02","delete_boundary","facilities/F_HW103","false","rejected","OPERATION_DEPENDENCIES_UNSUPPORTED","",""
"hanwha_v02","split_road","R_HW_5ff95e3729","false","rejected","OPERATION_DEPENDENCIES_UNSUPPORTED","",""
"hanwha_v02","no_op_boundary","F_HW103","true","no_op","","",""
"hanwha_v02","road_widthM_design_assumption","R_HW_5ff95e3729","false","rejected","OPERATION_DEPENDENCIES_UNSUPPORTED","/roads/R_HW_5ff95e3729",""
"hanwha_v02","road_heightLimitM_design_assumption","R_HW_5ff95e3729","false","rejected","OPERATION_DEPENDENCIES_UNSUPPORTED","/roads/R_HW_5ff95e3729",""
"hanwha_v02","road_massLimitKg_design_assumption","R_HW_5ff95e3729","false","rejected","OPERATION_DEPENDENCIES_UNSUPPORTED","/roads/R_HW_5ff95e3729",""
"hanwha_v02","road_speedLimitMps_design_assumption","R_HW_5ff95e3729","false","rejected","OPERATION_DEPENDENCIES_UNSUPPORTED","/roads/R_HW_5ff95e3729",""
"hanwha_v02","staticMove_expected_blocked","facilities/F_HW001","false","rejected","STATIC_CONTENTS_REFERENCE","",""
"hudong_v01","name_only_not_geometry","F_HD003","true","changed","","","facilities/F_HD003"
"hudong_v01","node_position","N_HD_efd47bf0d5","false","rejected","OPERATION_DEPENDENCIES_UNSUPPORTED","/nodes/N_HD_efd47bf0d5",""
"hudong_v01","node_translate","nodes/N_HD_efd47bf0d5","false","rejected","OPERATION_DEPENDENCIES_UNSUPPORTED","",""
"hudong_v01","road_translate","roads/R_HD_b5926a655c","false","rejected","OPERATION_DEPENDENCIES_UNSUPPORTED","",""
"hudong_v01","road_shapePoints","R_HD_b5926a655c","false","rejected","OPERATION_DEPENDENCIES_UNSUPPORTED","/roads/R_HD_b5926a655c",""
"hudong_v01","node_rotate","nodes/N_HD_efd47bf0d5","false","rejected","OPERATION_DEPENDENCIES_UNSUPPORTED","",""
"hudong_v01","road_rotate","roads/R_HD_b5926a655c","false","rejected","OPERATION_DEPENDENCIES_UNSUPPORTED","",""
"hudong_v01","zone_boundary","Z_HD001","true","changed","","","zones/Z_HD001;sources/source_editor_geometry"
"hudong_v01","road_direction","R_HD_b5926a655c","false","rejected","OPERATION_DEPENDENCIES_UNSUPPORTED","/roads/R_HD_b5926a655c",""
"hudong_v01","boundary","F_HD003","true","changed","","","facilities/F_HD003;sources/source_editor_geometry"
"hudong_v01","boundary_translate","facilities/F_HD003","true","changed","","","facilities/F_HD003;sources/source_editor_geometry"
"hudong_v01","boundary_rotate","facilities/F_HD003","true","changed","","","facilities/F_HD003;sources/source_editor_geometry"
"hudong_v01","add_node","N_GA01_probe_add","false","rejected","OPERATION_DEPENDENCIES_UNSUPPORTED","",""
"hudong_v01","copy_boundary","facilities/F_HD003","false","rejected","OPERATION_DEPENDENCIES_UNSUPPORTED","",""
"hudong_v01","delete_boundary","facilities/F_HD003","false","rejected","OPERATION_DEPENDENCIES_UNSUPPORTED","",""
"hudong_v01","split_road","R_HD_b5926a655c","false","rejected","OPERATION_DEPENDENCIES_UNSUPPORTED","",""
"hudong_v01","no_op_boundary","F_HD003","true","no_op","","",""
"hudong_v01","road_widthM_design_assumption","R_HD_b5926a655c","false","rejected","OPERATION_DEPENDENCIES_UNSUPPORTED","/roads/R_HD_b5926a655c",""
"hudong_v01","road_heightLimitM_design_assumption","R_HD_b5926a655c","false","rejected","OPERATION_DEPENDENCIES_UNSUPPORTED","/roads/R_HD_b5926a655c",""
"hudong_v01","road_massLimitKg_design_assumption","R_HD_b5926a655c","false","rejected","OPERATION_DEPENDENCIES_UNSUPPORTED","/roads/R_HD_b5926a655c",""
"hudong_v01","road_speedLimitMps_design_assumption","R_HD_b5926a655c","false","rejected","OPERATION_DEPENDENCIES_UNSUPPORTED","/roads/R_HD_b5926a655c",""
"hudong_v01","staticMove_expected_blocked","facilities/F_HD001","false","rejected","STATIC_CONTENTS_REFERENCE","",""
"hudong_v02","name_only_not_geometry","F_HD003","true","changed","","","facilities/F_HD003"
"hudong_v02","node_position","N_HD_efd47bf0d5","false","rejected","OPERATION_DEPENDENCIES_UNSUPPORTED","/nodes/N_HD_efd47bf0d5",""
"hudong_v02","node_translate","nodes/N_HD_efd47bf0d5","false","rejected","OPERATION_DEPENDENCIES_UNSUPPORTED","",""
"hudong_v02","road_translate","roads/R_HD_b5926a655c","false","rejected","OPERATION_DEPENDENCIES_UNSUPPORTED","",""
"hudong_v02","road_shapePoints","R_HD_b5926a655c","false","rejected","OPERATION_DEPENDENCIES_UNSUPPORTED","/roads/R_HD_b5926a655c",""
"hudong_v02","node_rotate","nodes/N_HD_efd47bf0d5","false","rejected","OPERATION_DEPENDENCIES_UNSUPPORTED","",""
"hudong_v02","road_rotate","roads/R_HD_b5926a655c","false","rejected","OPERATION_DEPENDENCIES_UNSUPPORTED","",""
"hudong_v02","zone_boundary","Z_HD001","true","changed","","","zones/Z_HD001;sources/source_editor_geometry"
"hudong_v02","road_direction","R_HD_b5926a655c","false","rejected","OPERATION_DEPENDENCIES_UNSUPPORTED","/roads/R_HD_b5926a655c",""
"hudong_v02","boundary","F_HD003","true","changed","","","facilities/F_HD003;sources/source_editor_geometry"
"hudong_v02","boundary_translate","facilities/F_HD003","true","changed","","","facilities/F_HD003;sources/source_editor_geometry"
"hudong_v02","boundary_rotate","facilities/F_HD003","true","changed","","","facilities/F_HD003;sources/source_editor_geometry"
"hudong_v02","add_node","N_GA01_probe_add","false","rejected","OPERATION_DEPENDENCIES_UNSUPPORTED","",""
"hudong_v02","copy_boundary","facilities/F_HD003","false","rejected","OPERATION_DEPENDENCIES_UNSUPPORTED","",""
"hudong_v02","delete_boundary","facilities/F_HD003","false","rejected","OPERATION_DEPENDENCIES_UNSUPPORTED","",""
"hudong_v02","split_road","R_HD_b5926a655c","false","rejected","OPERATION_DEPENDENCIES_UNSUPPORTED","",""
"hudong_v02","no_op_boundary","F_HD003","true","no_op","","",""
"hudong_v02","road_widthM_design_assumption","R_HD_b5926a655c","false","rejected","OPERATION_DEPENDENCIES_UNSUPPORTED","/roads/R_HD_b5926a655c",""
"hudong_v02","road_heightLimitM_design_assumption","R_HD_b5926a655c","false","rejected","OPERATION_DEPENDENCIES_UNSUPPORTED","/roads/R_HD_b5926a655c",""
"hudong_v02","road_massLimitKg_design_assumption","R_HD_b5926a655c","false","rejected","OPERATION_DEPENDENCIES_UNSUPPORTED","/roads/R_HD_b5926a655c",""
"hudong_v02","road_speedLimitMps_design_assumption","R_HD_b5926a655c","false","rejected","OPERATION_DEPENDENCIES_UNSUPPORTED","/roads/R_HD_b5926a655c",""
"hudong_v02","staticMove_expected_blocked","facilities/F_HD001","false","rejected","STATIC_CONTENTS_REFERENCE","",""
"newtimes_v01","name_only_not_geometry","F_NT010","true","changed","","","facilities/F_NT010"
"newtimes_v01","node_position","N_NT_976f00da59","false","rejected","OPERATION_DEPENDENCIES_UNSUPPORTED","/nodes/N_NT_976f00da59",""
"newtimes_v01","node_translate","nodes/N_NT_976f00da59","false","rejected","OPERATION_DEPENDENCIES_UNSUPPORTED","",""
"newtimes_v01","road_translate","roads/R_NT_2661e16750","false","rejected","OPERATION_DEPENDENCIES_UNSUPPORTED","",""
"newtimes_v01","road_shapePoints","R_NT_2661e16750","false","rejected","OPERATION_DEPENDENCIES_UNSUPPORTED","/roads/R_NT_2661e16750",""
"newtimes_v01","node_rotate","nodes/N_NT_976f00da59","false","rejected","OPERATION_DEPENDENCIES_UNSUPPORTED","",""
"newtimes_v01","road_rotate","roads/R_NT_2661e16750","false","rejected","OPERATION_DEPENDENCIES_UNSUPPORTED","",""
"newtimes_v01","zone_boundary","Z_NT001","true","changed","","","zones/Z_NT001;sources/source_editor_geometry"
"newtimes_v01","road_direction","R_NT_2661e16750","false","rejected","OPERATION_DEPENDENCIES_UNSUPPORTED","/roads/R_NT_2661e16750",""
"newtimes_v01","boundary","F_NT010","true","changed","","","facilities/F_NT010;sources/source_editor_geometry"
"newtimes_v01","boundary_translate","facilities/F_NT010","true","changed","","","facilities/F_NT010;sources/source_editor_geometry"
"newtimes_v01","boundary_rotate","facilities/F_NT010","true","changed","","","facilities/F_NT010;sources/source_editor_geometry"
"newtimes_v01","add_node","N_GA01_probe_add","false","rejected","OPERATION_DEPENDENCIES_UNSUPPORTED","",""
"newtimes_v01","copy_boundary","facilities/F_NT010","false","rejected","OPERATION_DEPENDENCIES_UNSUPPORTED","",""
"newtimes_v01","delete_boundary","facilities/F_NT010","false","rejected","OPERATION_DEPENDENCIES_UNSUPPORTED","",""
"newtimes_v01","split_road","R_NT_2661e16750","false","rejected","OPERATION_DEPENDENCIES_UNSUPPORTED","",""
"newtimes_v01","no_op_boundary","F_NT010","true","no_op","","",""
"newtimes_v01","road_widthM_design_assumption","R_NT_2661e16750","false","rejected","OPERATION_DEPENDENCIES_UNSUPPORTED","/roads/R_NT_2661e16750",""
"newtimes_v01","road_heightLimitM_design_assumption","R_NT_2661e16750","false","rejected","OPERATION_DEPENDENCIES_UNSUPPORTED","/roads/R_NT_2661e16750",""
"newtimes_v01","road_massLimitKg_design_assumption","R_NT_2661e16750","false","rejected","OPERATION_DEPENDENCIES_UNSUPPORTED","/roads/R_NT_2661e16750",""
"newtimes_v01","road_speedLimitMps_design_assumption","R_NT_2661e16750","false","rejected","OPERATION_DEPENDENCIES_UNSUPPORTED","/roads/R_NT_2661e16750",""
"newtimes_v01","staticMove_expected_blocked","facilities/F_NT001","false","rejected","STATIC_CONTENTS_REFERENCE","",""
"newtimes_v02","name_only_not_geometry","F_NT010","true","changed","","","facilities/F_NT010"
"newtimes_v02","node_position","N_NT_976f00da59","false","rejected","OPERATION_DEPENDENCIES_UNSUPPORTED","/nodes/N_NT_976f00da59",""
"newtimes_v02","node_translate","nodes/N_NT_976f00da59","false","rejected","OPERATION_DEPENDENCIES_UNSUPPORTED","",""
"newtimes_v02","road_translate","roads/R_NT_2661e16750","false","rejected","OPERATION_DEPENDENCIES_UNSUPPORTED","",""
"newtimes_v02","road_shapePoints","R_NT_2661e16750","false","rejected","OPERATION_DEPENDENCIES_UNSUPPORTED","/roads/R_NT_2661e16750",""
"newtimes_v02","node_rotate","nodes/N_NT_976f00da59","false","rejected","OPERATION_DEPENDENCIES_UNSUPPORTED","",""
"newtimes_v02","road_rotate","roads/R_NT_2661e16750","false","rejected","OPERATION_DEPENDENCIES_UNSUPPORTED","",""
"newtimes_v02","zone_boundary","Z_NT001","true","changed","","","zones/Z_NT001;sources/source_editor_geometry"
"newtimes_v02","road_direction","R_NT_2661e16750","false","rejected","OPERATION_DEPENDENCIES_UNSUPPORTED","/roads/R_NT_2661e16750",""
"newtimes_v02","boundary","F_NT010","true","changed","","","facilities/F_NT010;sources/source_editor_geometry"
"newtimes_v02","boundary_translate","facilities/F_NT010","true","changed","","","facilities/F_NT010;sources/source_editor_geometry"
"newtimes_v02","boundary_rotate","facilities/F_NT010","true","changed","","","facilities/F_NT010;sources/source_editor_geometry"
"newtimes_v02","add_node","N_GA01_probe_add","false","rejected","OPERATION_DEPENDENCIES_UNSUPPORTED","",""
"newtimes_v02","copy_boundary","facilities/F_NT010","false","rejected","OPERATION_DEPENDENCIES_UNSUPPORTED","",""
"newtimes_v02","delete_boundary","facilities/F_NT010","false","rejected","OPERATION_DEPENDENCIES_UNSUPPORTED","",""
"newtimes_v02","split_road","R_NT_2661e16750","false","rejected","OPERATION_DEPENDENCIES_UNSUPPORTED","",""
"newtimes_v02","no_op_boundary","F_NT010","true","no_op","","",""
"newtimes_v02","road_widthM_design_assumption","R_NT_2661e16750","false","rejected","OPERATION_DEPENDENCIES_UNSUPPORTED","/roads/R_NT_2661e16750",""
"newtimes_v02","road_heightLimitM_design_assumption","R_NT_2661e16750","false","rejected","OPERATION_DEPENDENCIES_UNSUPPORTED","/roads/R_NT_2661e16750",""
"newtimes_v02","road_massLimitKg_design_assumption","R_NT_2661e16750","false","rejected","OPERATION_DEPENDENCIES_UNSUPPORTED","/roads/R_NT_2661e16750",""
"newtimes_v02","road_speedLimitMps_design_assumption","R_NT_2661e16750","false","rejected","OPERATION_DEPENDENCIES_UNSUPPORTED","/roads/R_NT_2661e16750",""
"newtimes_v02","staticMove_expected_blocked","facilities/F_NT001","false","rejected","STATIC_CONTENTS_REFERENCE","",""
"samho_v01","name_only_not_geometry","F_SH020","true","changed","","","facilities/F_SH020"
"samho_v01","node_position","N_SH_9bdd2f744a","false","rejected","OPERATION_DEPENDENCIES_UNSUPPORTED","/nodes/N_SH_9bdd2f744a",""
"samho_v01","node_translate","nodes/N_SH_9bdd2f744a","false","rejected","OPERATION_DEPENDENCIES_UNSUPPORTED","",""
"samho_v01","road_translate","roads/R_SH_9d5524dd32","false","rejected","OPERATION_DEPENDENCIES_UNSUPPORTED","",""
"samho_v01","road_shapePoints","R_SH_9d5524dd32","false","rejected","OPERATION_DEPENDENCIES_UNSUPPORTED","/roads/R_SH_9d5524dd32",""
"samho_v01","node_rotate","nodes/N_SH_9bdd2f744a","false","rejected","OPERATION_DEPENDENCIES_UNSUPPORTED","",""
"samho_v01","road_rotate","roads/R_SH_9d5524dd32","false","rejected","OPERATION_DEPENDENCIES_UNSUPPORTED","",""
"samho_v01","zone_boundary","Z_SH001","true","changed","","","zones/Z_SH001;sources/source_editor_geometry"
"samho_v01","road_direction","R_SH_9d5524dd32","false","rejected","OPERATION_DEPENDENCIES_UNSUPPORTED","/roads/R_SH_9d5524dd32",""
"samho_v01","boundary","F_SH020","true","changed","","","facilities/F_SH020;sources/source_editor_geometry"
"samho_v01","boundary_translate","facilities/F_SH020","true","changed","","","facilities/F_SH020;sources/source_editor_geometry"
"samho_v01","boundary_rotate","facilities/F_SH020","true","changed","","","facilities/F_SH020;sources/source_editor_geometry"
"samho_v01","add_node","N_GA01_probe_add","false","rejected","OPERATION_DEPENDENCIES_UNSUPPORTED","",""
"samho_v01","copy_boundary","facilities/F_SH020","false","rejected","OPERATION_DEPENDENCIES_UNSUPPORTED","",""
"samho_v01","delete_boundary","facilities/F_SH020","false","rejected","OPERATION_DEPENDENCIES_UNSUPPORTED","",""
"samho_v01","split_road","R_SH_9d5524dd32","false","rejected","OPERATION_DEPENDENCIES_UNSUPPORTED","",""
"samho_v01","no_op_boundary","F_SH020","true","no_op","","",""
"samho_v01","road_widthM_design_assumption","R_SH_9d5524dd32","false","rejected","OPERATION_DEPENDENCIES_UNSUPPORTED","/roads/R_SH_9d5524dd32",""
"samho_v01","road_heightLimitM_design_assumption","R_SH_9d5524dd32","false","rejected","OPERATION_DEPENDENCIES_UNSUPPORTED","/roads/R_SH_9d5524dd32",""
"samho_v01","road_massLimitKg_design_assumption","R_SH_9d5524dd32","false","rejected","OPERATION_DEPENDENCIES_UNSUPPORTED","/roads/R_SH_9d5524dd32",""
"samho_v01","road_speedLimitMps_design_assumption","R_SH_9d5524dd32","false","rejected","OPERATION_DEPENDENCIES_UNSUPPORTED","/roads/R_SH_9d5524dd32",""
"samho_v01","staticMove_expected_blocked","facilities/F_SH001","false","rejected","STATIC_CONTENTS_REFERENCE","",""
"samho_v02","name_only_not_geometry","F_SH020","true","changed","","","facilities/F_SH020"
"samho_v02","node_position","N_SH_9bdd2f744a","false","rejected","OPERATION_DEPENDENCIES_UNSUPPORTED","/nodes/N_SH_9bdd2f744a",""
"samho_v02","node_translate","nodes/N_SH_9bdd2f744a","false","rejected","OPERATION_DEPENDENCIES_UNSUPPORTED","",""
"samho_v02","road_translate","roads/R_SH_9d5524dd32","false","rejected","OPERATION_DEPENDENCIES_UNSUPPORTED","",""
"samho_v02","road_shapePoints","R_SH_9d5524dd32","false","rejected","OPERATION_DEPENDENCIES_UNSUPPORTED","/roads/R_SH_9d5524dd32",""
"samho_v02","node_rotate","nodes/N_SH_9bdd2f744a","false","rejected","OPERATION_DEPENDENCIES_UNSUPPORTED","",""
"samho_v02","road_rotate","roads/R_SH_9d5524dd32","false","rejected","OPERATION_DEPENDENCIES_UNSUPPORTED","",""
"samho_v02","zone_boundary","Z_SH001","true","changed","","","zones/Z_SH001;sources/source_editor_geometry"
"samho_v02","road_direction","R_SH_9d5524dd32","false","rejected","OPERATION_DEPENDENCIES_UNSUPPORTED","/roads/R_SH_9d5524dd32",""
"samho_v02","boundary","F_SH020","true","changed","","","facilities/F_SH020;sources/source_editor_geometry"
"samho_v02","boundary_translate","facilities/F_SH020","true","changed","","","facilities/F_SH020;sources/source_editor_geometry"
"samho_v02","boundary_rotate","facilities/F_SH020","true","changed","","","facilities/F_SH020;sources/source_editor_geometry"
"samho_v02","add_node","N_GA01_probe_add","false","rejected","OPERATION_DEPENDENCIES_UNSUPPORTED","",""
"samho_v02","copy_boundary","facilities/F_SH020","false","rejected","OPERATION_DEPENDENCIES_UNSUPPORTED","",""
"samho_v02","delete_boundary","facilities/F_SH020","false","rejected","OPERATION_DEPENDENCIES_UNSUPPORTED","",""
"samho_v02","split_road","R_SH_9d5524dd32","false","rejected","OPERATION_DEPENDENCIES_UNSUPPORTED","",""
"samho_v02","no_op_boundary","F_SH020","true","no_op","","",""
"samho_v02","road_widthM_design_assumption","R_SH_9d5524dd32","false","rejected","OPERATION_DEPENDENCIES_UNSUPPORTED","/roads/R_SH_9d5524dd32",""
"samho_v02","road_heightLimitM_design_assumption","R_SH_9d5524dd32","false","rejected","OPERATION_DEPENDENCIES_UNSUPPORTED","/roads/R_SH_9d5524dd32",""
"samho_v02","road_massLimitKg_design_assumption","R_SH_9d5524dd32","false","rejected","OPERATION_DEPENDENCIES_UNSUPPORTED","/roads/R_SH_9d5524dd32",""
"samho_v02","road_speedLimitMps_design_assumption","R_SH_9d5524dd32","false","rejected","OPERATION_DEPENDENCIES_UNSUPPORTED","/roads/R_SH_9d5524dd32",""
"samho_v02","staticMove_expected_blocked","facilities/F_SH001","false","rejected","STATIC_CONTENTS_REFERENCE","",""
"weihai_v01","name_only_not_geometry","F_RD","true","changed","","","facilities/F_RD"
"weihai_v01","node_position","N_0102","false","rejected","OPERATION_DEPENDENCIES_UNSUPPORTED","/nodes/N_0102",""
"weihai_v01","node_translate","nodes/N_0102","false","rejected","OPERATION_DEPENDENCIES_UNSUPPORTED","",""
"weihai_v01","road_translate","roads/R_0046","false","rejected","OPERATION_DEPENDENCIES_UNSUPPORTED","",""
"weihai_v01","road_shapePoints","R_0046","false","rejected","OPERATION_DEPENDENCIES_UNSUPPORTED","/roads/R_0046",""
"weihai_v01","node_rotate","nodes/N_0102","false","rejected","OPERATION_DEPENDENCIES_UNSUPPORTED","",""
"weihai_v01","road_rotate","roads/R_0046","false","rejected","OPERATION_DEPENDENCIES_UNSUPPORTED","",""
"weihai_v01","zone_boundary","Z_GREEN","true","changed","","","zones/Z_GREEN;sources/source_editor_geometry"
"weihai_v01","road_direction","R_0046","false","rejected","OPERATION_DEPENDENCIES_UNSUPPORTED","/roads/R_0046",""
"weihai_v01","boundary","F_RD","true","changed","","","facilities/F_RD;sources/source_editor_geometry"
"weihai_v01","boundary_translate","facilities/F_RD","true","changed","","","facilities/F_RD;sources/source_editor_geometry"
"weihai_v01","boundary_rotate","facilities/F_RD","true","changed","","","facilities/F_RD;sources/source_editor_geometry"
"weihai_v01","add_node","N_GA01_probe_add","false","rejected","OPERATION_DEPENDENCIES_UNSUPPORTED","",""
"weihai_v01","copy_boundary","facilities/F_RD","false","rejected","OPERATION_DEPENDENCIES_UNSUPPORTED","",""
"weihai_v01","delete_boundary","facilities/F_RD","false","rejected","OPERATION_DEPENDENCIES_UNSUPPORTED","",""
"weihai_v01","split_road","R_0046","false","rejected","OPERATION_DEPENDENCIES_UNSUPPORTED","",""
"weihai_v01","no_op_boundary","F_RD","true","no_op","","",""
"weihai_v01","road_widthM_design_assumption","R_0046","false","rejected","OPERATION_DEPENDENCIES_UNSUPPORTED","/roads/R_0046",""
"weihai_v01","road_heightLimitM_design_assumption","R_0046","false","rejected","OPERATION_DEPENDENCIES_UNSUPPORTED","/roads/R_0046",""
"weihai_v01","road_massLimitKg_design_assumption","R_0046","false","rejected","OPERATION_DEPENDENCIES_UNSUPPORTED","/roads/R_0046",""
"weihai_v01","road_speedLimitMps_design_assumption","R_0046","false","rejected","OPERATION_DEPENDENCIES_UNSUPPORTED","/roads/R_0046",""
"weihai_v01","staticMove_expected_blocked","facilities/F_BLOCK","false","rejected","STATIC_SHARED_NODE","/nodes/N_0001",""
"weihai_v02","name_only_not_geometry","F_RD","true","changed","","","facilities/F_RD"
"weihai_v02","node_position","N_0102","false","rejected","OPERATION_DEPENDENCIES_UNSUPPORTED","/nodes/N_0102",""
"weihai_v02","node_translate","nodes/N_0102","false","rejected","OPERATION_DEPENDENCIES_UNSUPPORTED","",""
"weihai_v02","road_translate","roads/R_0046","false","rejected","OPERATION_DEPENDENCIES_UNSUPPORTED","",""
"weihai_v02","road_shapePoints","R_0046","false","rejected","OPERATION_DEPENDENCIES_UNSUPPORTED","/roads/R_0046",""
"weihai_v02","node_rotate","nodes/N_0102","false","rejected","OPERATION_DEPENDENCIES_UNSUPPORTED","",""
"weihai_v02","road_rotate","roads/R_0046","false","rejected","OPERATION_DEPENDENCIES_UNSUPPORTED","",""
"weihai_v02","zone_boundary","Z_GREEN","true","changed","","","zones/Z_GREEN;sources/source_editor_geometry"
"weihai_v02","road_direction","R_0046","false","rejected","OPERATION_DEPENDENCIES_UNSUPPORTED","/roads/R_0046",""
"weihai_v02","boundary","F_RD","true","changed","","","facilities/F_RD;sources/source_editor_geometry"
"weihai_v02","boundary_translate","facilities/F_RD","true","changed","","","facilities/F_RD;sources/source_editor_geometry"
"weihai_v02","boundary_rotate","facilities/F_RD","true","changed","","","facilities/F_RD;sources/source_editor_geometry"
"weihai_v02","add_node","N_GA01_probe_add","false","rejected","OPERATION_DEPENDENCIES_UNSUPPORTED","",""
"weihai_v02","copy_boundary","facilities/F_RD","false","rejected","OPERATION_DEPENDENCIES_UNSUPPORTED","",""
"weihai_v02","delete_boundary","facilities/F_RD","false","rejected","OPERATION_DEPENDENCIES_UNSUPPORTED","",""
"weihai_v02","split_road","R_0046","false","rejected","OPERATION_DEPENDENCIES_UNSUPPORTED","",""
"weihai_v02","no_op_boundary","F_RD","true","no_op","","",""
"weihai_v02","road_widthM_design_assumption","R_0046","false","rejected","OPERATION_DEPENDENCIES_UNSUPPORTED","/roads/R_0046",""
"weihai_v02","road_heightLimitM_design_assumption","R_0046","false","rejected","OPERATION_DEPENDENCIES_UNSUPPORTED","/roads/R_0046",""
"weihai_v02","road_massLimitKg_design_assumption","R_0046","false","rejected","OPERATION_DEPENDENCIES_UNSUPPORTED","/roads/R_0046",""
"weihai_v02","road_speedLimitMps_design_assumption","R_0046","false","rejected","OPERATION_DEPENDENCIES_UNSUPPORTED","/roads/R_0046",""
"weihai_v02","staticMove_expected_blocked","facilities/F_BLOCK","false","rejected","STATIC_SHARED_NODE","/nodes/N_0001",""
"xinyangzi_v01","name_only_not_geometry","F_XY039","true","changed","","","facilities/F_XY039"
"xinyangzi_v01","node_position","N_XY_c28e352ead","false","rejected","OPERATION_DEPENDENCIES_UNSUPPORTED","/nodes/N_XY_c28e352ead",""
"xinyangzi_v01","node_translate","nodes/N_XY_c28e352ead","false","rejected","OPERATION_DEPENDENCIES_UNSUPPORTED","",""
"xinyangzi_v01","road_translate","roads/R_XY_9e7dcc41dc","false","rejected","OPERATION_DEPENDENCIES_UNSUPPORTED","",""
"xinyangzi_v01","road_shapePoints","R_XY_9e7dcc41dc","false","rejected","OPERATION_DEPENDENCIES_UNSUPPORTED","/roads/R_XY_9e7dcc41dc",""
"xinyangzi_v01","node_rotate","nodes/N_XY_c28e352ead","false","rejected","OPERATION_DEPENDENCIES_UNSUPPORTED","",""
"xinyangzi_v01","road_rotate","roads/R_XY_9e7dcc41dc","false","rejected","OPERATION_DEPENDENCIES_UNSUPPORTED","",""
"xinyangzi_v01","zone_boundary","Z_XY001","true","changed","","","zones/Z_XY001;sources/source_editor_geometry"
"xinyangzi_v01","road_direction","R_XY_9e7dcc41dc","false","rejected","OPERATION_DEPENDENCIES_UNSUPPORTED","/roads/R_XY_9e7dcc41dc",""
"xinyangzi_v01","boundary","F_XY039","true","changed","","","facilities/F_XY039;sources/source_editor_geometry"
"xinyangzi_v01","boundary_translate","facilities/F_XY039","true","changed","","","facilities/F_XY039;sources/source_editor_geometry"
"xinyangzi_v01","boundary_rotate","facilities/F_XY039","true","changed","","","facilities/F_XY039;sources/source_editor_geometry"
"xinyangzi_v01","add_node","N_GA01_probe_add","false","rejected","OPERATION_DEPENDENCIES_UNSUPPORTED","",""
"xinyangzi_v01","copy_boundary","facilities/F_XY039","false","rejected","OPERATION_DEPENDENCIES_UNSUPPORTED","",""
"xinyangzi_v01","delete_boundary","facilities/F_XY039","false","rejected","OPERATION_DEPENDENCIES_UNSUPPORTED","",""
"xinyangzi_v01","split_road","R_XY_9e7dcc41dc","false","rejected","OPERATION_DEPENDENCIES_UNSUPPORTED","",""
"xinyangzi_v01","no_op_boundary","F_XY039","true","no_op","","",""
"xinyangzi_v01","road_widthM_design_assumption","R_XY_9e7dcc41dc","false","rejected","OPERATION_DEPENDENCIES_UNSUPPORTED","/roads/R_XY_9e7dcc41dc",""
"xinyangzi_v01","road_heightLimitM_design_assumption","R_XY_9e7dcc41dc","false","rejected","OPERATION_DEPENDENCIES_UNSUPPORTED","/roads/R_XY_9e7dcc41dc",""
"xinyangzi_v01","road_massLimitKg_design_assumption","R_XY_9e7dcc41dc","false","rejected","OPERATION_DEPENDENCIES_UNSUPPORTED","/roads/R_XY_9e7dcc41dc",""
"xinyangzi_v01","road_speedLimitMps_design_assumption","R_XY_9e7dcc41dc","false","rejected","OPERATION_DEPENDENCIES_UNSUPPORTED","/roads/R_XY_9e7dcc41dc",""
"xinyangzi_v01","staticMove_expected_blocked","facilities/F_XY003","false","rejected","STATIC_SHARED_NODE","/nodes/N_XY_9186534057",""
"xinyangzi_v02","name_only_not_geometry","F_XY049","true","changed","","","facilities/F_XY049"
"xinyangzi_v02","node_position","N_MR_bbe938799550","false","rejected","OPERATION_DEPENDENCIES_UNSUPPORTED","/nodes/N_MR_bbe938799550",""
"xinyangzi_v02","node_translate","nodes/N_MR_bbe938799550","false","rejected","OPERATION_DEPENDENCIES_UNSUPPORTED","",""
"xinyangzi_v02","road_translate","roads/R_MR_34f5bdcf41f0","false","rejected","OPERATION_DEPENDENCIES_UNSUPPORTED","",""
"xinyangzi_v02","road_shapePoints","R_MR_34f5bdcf41f0","false","rejected","OPERATION_DEPENDENCIES_UNSUPPORTED","/roads/R_MR_34f5bdcf41f0",""
"xinyangzi_v02","node_rotate","nodes/N_MR_bbe938799550","false","rejected","OPERATION_DEPENDENCIES_UNSUPPORTED","",""
"xinyangzi_v02","road_rotate","roads/R_MR_34f5bdcf41f0","false","rejected","OPERATION_DEPENDENCIES_UNSUPPORTED","",""
"xinyangzi_v02","zone_boundary","Z_XY_R004","true","changed","","","zones/Z_XY_R004;sources/source_editor_geometry"
"xinyangzi_v02","road_direction","R_MR_34f5bdcf41f0","false","rejected","OPERATION_DEPENDENCIES_UNSUPPORTED","/roads/R_MR_34f5bdcf41f0",""
"xinyangzi_v02","boundary","F_XY049","true","changed","","","facilities/F_XY049;sources/source_editor_geometry"
"xinyangzi_v02","boundary_translate","facilities/F_XY049","true","changed","","","facilities/F_XY049;sources/source_editor_geometry"
"xinyangzi_v02","boundary_rotate","facilities/F_XY049","true","changed","","","facilities/F_XY049;sources/source_editor_geometry"
"xinyangzi_v02","add_node","N_GA01_probe_add","false","rejected","OPERATION_DEPENDENCIES_UNSUPPORTED","",""
"xinyangzi_v02","copy_boundary","facilities/F_XY049","false","rejected","OPERATION_DEPENDENCIES_UNSUPPORTED","",""
"xinyangzi_v02","delete_boundary","facilities/F_XY049","false","rejected","OPERATION_DEPENDENCIES_UNSUPPORTED","",""
"xinyangzi_v02","split_road","R_MR_34f5bdcf41f0","false","rejected","OPERATION_DEPENDENCIES_UNSUPPORTED","",""
"xinyangzi_v02","no_op_boundary","F_XY049","true","no_op","","",""
"xinyangzi_v02","road_widthM_design_assumption","R_MR_34f5bdcf41f0","false","rejected","OPERATION_DEPENDENCIES_UNSUPPORTED","/roads/R_MR_34f5bdcf41f0",""
"xinyangzi_v02","road_heightLimitM_design_assumption","R_MR_34f5bdcf41f0","false","rejected","OPERATION_DEPENDENCIES_UNSUPPORTED","/roads/R_MR_34f5bdcf41f0",""
"xinyangzi_v02","road_massLimitKg_design_assumption","R_MR_34f5bdcf41f0","false","rejected","OPERATION_DEPENDENCIES_UNSUPPORTED","/roads/R_MR_34f5bdcf41f0",""
"xinyangzi_v02","road_speedLimitMps_design_assumption","R_MR_34f5bdcf41f0","false","rejected","OPERATION_DEPENDENCIES_UNSUPPORTED","/roads/R_MR_34f5bdcf41f0",""
"dalian_v02","staticMove","","not_applicable","not_applicable_no_slots","","",""
"geoje_v02","staticMove","","not_applicable","not_applicable_no_slots","","",""
"xinyangzi_v02","staticMove","","not_applicable","not_applicable_no_slots","","",""
